Country,WEO_Country_Code,ISO,Date,Gross_domestic_product__constant,Gross_domestic_product__current,Gross_domestic_product_per_capit,Inflation__average_consumer_pric,Inflation__end_of_period_consume,Unemployment_rate,General_government_net_lending_b,Current_account_balance
Argentina,213,ARG,1980,0.7,177.139,-0.764,n/a,n/a,3,n/a,-1.136
Argentina,213,ARG,1981,-5.744,182.761,-7.4,n/a,n/a,5,n/a,-3.109
Argentina,213,ARG,1982,-3.149,187.943,-4.755,n/a,n/a,4.5,n/a,-3.193
Argentina,213,ARG,1983,3.733,202.595,2.284,n/a,n/a,5,n/a,-2.161
Argentina,213,ARG,1984,2,214.104,0.291,n/a,n/a,5,n/a,-1.971
Argentina,213,ARG,1985,-6.951,205.522,-8.515,n/a,n/a,6.25,n/a,-0.996
Argentina,213,ARG,1986,7.146,224.641,5.786,n/a,n/a,6.3,n/a,-2.487
Argentina,213,ARG,1987,2.529,236.018,1.374,n/a,n/a,6,n/a,-3.593
Argentina,213,ARG,1988,-1.957,239.561,-3.141,n/a,n/a,6.5,n/a,-1.139
Argentina,213,ARG,1989,-7.007,231.51,-8.145,n/a,n/a,8,n/a,1.236
Argentina,213,ARG,1990,-1.338,236.961,-3.37,n/a,n/a,7.6,n/a,3.045
Argentina,213,ARG,1991,10.498,270.693,9.023,n/a,n/a,6.48,n/a,-0.209
Argentina,213,ARG,1992,10.299,305.378,8.814,n/a,n/a,7.112,n/a,-2.608
Argentina,213,ARG,1993,6.251,332.154,4.693,n/a,n/a,11.606,-0.025,-3.137
Argentina,213,ARG,1994,5.83,359.023,4.488,n/a,n/a,13.348,-1.289,-3.934
Argentina,213,ARG,1995,-2.845,356.122,-4.035,n/a,n/a,18.904,-2.137,-1.822
Argentina,213,ARG,1996,5.527,382.685,4.278,n/a,n/a,18.76,-2.898,-2.425
Argentina,213,ARG,1997,8.111,420.859,6.87,n/a,n/a,16.808,-1.895,-3.87
Argentina,213,ARG,1998,3.85,441.982,2.694,0.925,0.664,14.789,-1.884,-4.515
Argentina,213,ARG,1999,-3.385,433.185,-4.429,-1.167,-1.81,16.061,-3.817,-3.931
Argentina,213,ARG,2000,-0.789,439.374,-1.828,-0.939,-0.734,17.134,-3.519,-2.964
Argentina,213,ARG,2001,-4.409,429.214,-5.367,-1.065,-1.544,19.209,-5.524,-1.355
Argentina,213,ARG,2002,-10.894,388.504,-11.748,25.869,40.953,22.45,-1.976,7.929
Argentina,213,ARG,2003,8.955,431.157,7.937,13.443,3.656,17.25,1.548,5.774
Argentina,213,ARG,2004,8.911,482.22,7.896,4.416,6.101,13.625,3.967,1.798
Argentina,213,ARG,2005,8.852,541.253,7.819,9.642,12.327,11.575,3.341,2.473
Argentina,213,ARG,2006,8.047,602.507,6.998,10.898,9.841,10.175,1.65,2.791
Argentina,213,ARG,2007,9.008,674.423,7.939,8.83,8.468,8.475,0.757,2.1
Argentina,213,ARG,2008,4.057,715.435,3.038,8.585,7.238,7.875,0.352,1.492
Argentina,213,ARG,2009,-5.919,678.224,-6.83,6.27,7.695,8.675,-1.83,2.167
Argentina,213,ARG,2010,10.125,755.6,8.36,10.461,10.923,7.75,-1.393,-0.382
Argentina,213,ARG,2011,6.004,817.698,4.789,9.775,9.508,7.15,-2.746,-1.012
Argentina,213,ARG,2012,-1.026,824.828,-2.145,10.043,10.842,7.2,-3.018,-0.369
Argentina,213,ARG,2013,2.405,859.487,1.266,10.619,10.946,7.075,-3.254,-2.146
Argentina,213,ARG,2014,-2.513,853.398,-3.579,n/a,23.915,7.25,-4.252,-1.628
Argentina,213,ARG,2015,2.731,885.833,1.63,n/a,n/a,6.533,-6.001,-2.743
Argentina,213,ARG,2016,-2.08,876.387,-3.11,n/a,n/a,8.467,-6.655,-2.713
Argentina,213,ARG,2017,2.669,916.719,1.609,25.675,24.796,8.35,-6.703,-4.843
Argentina,213,ARG,2018,-2.482,915.749,-3.467,34.277,47.646,9.2,-5.493,-5.247
Argentina,213,ARG,2019,-2.163,911.562,-3.132,53.548,53.832,9.825,-3.869,-0.771
Argentina,213,ARG,2020,-5.719,864.887,-6.653,n/a,n/a,10.903,n/a,n/a
Argentina,213,ARG,2021,4.448,920.972,3.414,n/a,n/a,10.084,n/a,n/a
Brazil,223,BRA,1980,9.19,580.908,9.433,90.227,n/a,n/a,n/a,-8.786
Brazil,223,BRA,1981,-4.4,607.891,-6.49,101.737,95.655,n/a,n/a,-7.005
Brazil,223,BRA,1982,0.596,649.295,-1.574,100.574,104.804,n/a,n/a,-9.107
Brazil,223,BRA,1983,-3.4,651.783,-5.451,135.02,164,n/a,n/a,-4.761
Brazil,223,BRA,1984,5.307,711.143,3.108,192.121,215.279,n/a,n/a,0.028
Brazil,223,BRA,1985,7.901,791.598,5.689,226.029,242.248,n/a,n/a,-0.1
Brazil,223,BRA,1986,7.544,868.458,5.408,147.137,79.656,n/a,n/a,-2.147
Brazil,223,BRA,1987,3.601,921.982,1.627,228.327,363.414,n/a,n/a,-0.501
Brazil,223,BRA,1988,0.264,957.019,-1.565,629.118,980.221,n/a,n/a,1.304
Brazil,223,BRA,1989,3.2,"1,026.37",1.396,"1,430.72","1,972.91",n/a,n/a,0.235
Brazil,223,BRA,1990,-4.168,"1,020.39",-6.97,"2,947.73","1,620.97",n/a,n/a,-0.832
Brazil,223,BRA,1991,1.031,"1,065.79",-0.663,432.772,472.685,10.1,n/a,-0.352
Brazil,223,BRA,1992,-0.555,"1,084.02",-2.165,951.956,"1,119.09",11.6,n/a,1.607
Brazil,223,BRA,1993,4.91,"1,164.19",3.248,"1,927.38","2,477.15",11,n/a,-0.138
Brazil,223,BRA,1994,5.839,"1,258.48",4.184,"2,075.83",916.433,10.5,n/a,-0.308
Brazil,223,BRA,1995,4.232,"1,339.24",2.628,66.008,22.409,9.9,n/a,-2.379
Brazil,223,BRA,1996,0.182,"1,366.25",-2.674,15.757,9.564,11.2,-5.351,-2.804
Brazil,223,BRA,1997,3.399,"1,437.04",1.801,6.926,5.225,11.6,-5.601,-3.489
Brazil,223,BRA,1998,0.345,"1,458.22",-1.195,3.196,1.656,14.7,-7.214,-3.918
Brazil,223,BRA,1999,0.468,"1,486.20",-1.036,4.859,8.94,14.7,-5.173,-4.313
Brazil,223,BRA,2000,4.384,"1,586.02",2.876,7.044,5.974,13.9,-3.32,-3.783
Brazil,223,BRA,2001,1.382,"1,643.21",-0.023,6.84,7.673,12.5,-3.172,-4.236
Brazil,223,BRA,2002,3.053,"1,720.16",1.73,8.45,12.53,13,-4.423,-1.59
Brazil,223,BRA,2003,1.139,"1,772.06",-0.098,14.714,9.3,13.7,-5.182,0.674
Brazil,223,BRA,2004,5.757,"1,924.53",4.51,6.598,7.601,12.9,-2.88,1.698
Brazil,223,BRA,2005,3.192,"2,047.82",2.006,6.87,5.69,11.4,-3.542,1.521
Brazil,223,BRA,2006,3.955,"2,193.24",2.804,4.184,3.142,11.5,-3.574,1.178
Brazil,223,BRA,2007,6.064,"2,388.73",4.955,3.641,4.457,10.9,-2.739,0.029
Brazil,223,BRA,2008,5.095,"2,559.27",4.01,5.678,5.902,9.4,-1.534,-1.808
Brazil,223,BRA,2009,-0.119,"2,575.70",-1.139,4.888,4.312,9.7,-3.19,-1.575
Brazil,223,BRA,2010,7.545,"2,802.32",6.491,5.039,5.909,8.5,-3.826,-3.579
Brazil,223,BRA,2011,3.986,"2,974.90",3.08,6.636,6.503,7.8,-2.467,-2.918
Brazil,223,BRA,2012,1.928,"3,090.41",1.048,5.404,5.839,7.4,-2.519,-3.4
Brazil,223,BRA,2013,3.008,"3,239.23",2.138,6.204,5.911,7.2,-2.955,-3.228
Brazil,223,BRA,2014,0.505,"3,315.85",-0.349,6.329,6.408,6.783,-6.021,-4.13
Brazil,223,BRA,2015,-3.551,"3,231.41",-4.384,9.03,10.673,8.283,-10.254,-3.026
Brazil,223,BRA,2016,-3.285,"3,157.63",-4.077,8.74,6.288,11.258,-8.994,-1.349
Brazil,223,BRA,2017,1.314,"3,259.36",0.506,3.446,2.947,12.767,-7.86,-0.728
Brazil,223,BRA,2018,1.312,"3,382.59",0.491,3.665,3.745,12.258,-7.166,-2.204
Brazil,223,BRA,2019,1.133,"3,480.55",0.338,3.733,4.306,11.925,-6.017,-2.69
Brazil,223,BRA,2020,-5.303,"3,316.92",-5.936,3.555,3.01,14.7,-9.349,-1.771
Brazil,223,BRA,2021,2.89,"3,479.34",2.233,3.305,3.268,13.5,-6.132,-2.306
China,924,CHN,1980,7.91,304.366,6.017,n/a,n/a,4.9,n/a,n/a
China,924,CHN,1981,5.1,350.153,3.664,2.5,n/a,3.8,n/a,n/a
China,924,CHN,1982,9,405.249,7.304,2,n/a,3.2,0.22,n/a
China,924,CHN,1983,10.8,466.601,9.344,2,n/a,2.3,-0.01,n/a
China,924,CHN,1984,15.2,556.921,13.711,2.7,n/a,1.9,0.07,n/a
China,924,CHN,1985,13.501,652.105,11.899,9.3,11.2,1.8,0.925,n/a
China,924,CHN,1986,8.9,724.438,7.223,6.5,6.6,2,-0.345,n/a
China,924,CHN,1987,11.7,829.212,9.868,7.3,8.9,2,-0.701,n/a
China,924,CHN,1988,11.2,954.601,9.471,18.8,27.9,2,-0.964,n/a
China,924,CHN,1989,4.2,"1,033.69",2.649,18,6.6,2.6,-0.914,n/a
China,924,CHN,1990,3.888,"1,114.08",2.408,3.1,4.3,2.5,-0.719,n/a
China,924,CHN,1991,9.3,"1,258.87",7.894,3.4,4.5,2.3,-1.044,n/a
China,924,CHN,1992,14.2,"1,470.39",12.886,6.4,8.8,2.3,-1.225,n/a
China,924,CHN,1993,13.9,"1,714.46",12.606,14.7,18.8,2.6,-0.895,n/a
China,924,CHN,1994,13,"1,978.70",11.743,24.1,25.5,2.8,-1.69,n/a
China,924,CHN,1995,10.919,"2,240.78",9.755,17.1,10.1,2.9,-0.953,n/a
China,924,CHN,1996,9.9,"2,507.71",8.761,8.3,7,3,-0.74,n/a
China,924,CHN,1997,9.2,"2,785.64",8.107,2.8,0.4,3.1,-0.733,3.858
China,924,CHN,1998,7.8,"3,036.73",6.819,-0.8,-1,3.1,-1.088,3.073
China,924,CHN,1999,7.7,"3,317.78",6.822,-1.4,-1,3.1,-2.323,1.94
China,924,CHN,2000,8.523,"3,681.03",7.703,0.4,1.5,3.1,-2.846,1.695
China,924,CHN,2001,8.355,"4,076.05",7.605,0.7,-0.3,3.6,-2.596,1.305
China,924,CHN,2002,9.147,"4,519.28",8.445,-0.8,-0.4,4,-2.884,2.417
China,924,CHN,2003,10.018,"5,064.36",9.359,1.2,3.2,4.3,-2.394,2.598
China,924,CHN,2004,10.152,"5,728.67",9.507,3.9,2.4,4.2,-1.512,3.536
China,924,CHN,2005,11.365,"6,578.44",10.711,1.8,1.6,4.2,-1.401,5.78
China,924,CHN,2006,12.721,"7,639.70",12.128,1.5,2.8,4.1,-1.144,8.418
China,924,CHN,2007,14.253,"8,963.09",13.664,4.8,6.5,4,0.059,9.933
China,924,CHN,2008,9.65,"10,019.22",9.095,5.9,1.2,4.2,-0.025,9.188
China,924,CHN,2009,9.401,"11,044.73",8.87,-0.7,1.9,4.3,-1.751,4.78
China,924,CHN,2010,10.563,"12,353.67",10.034,3.3,4.6,4.14,-0.362,3.941
China,924,CHN,2011,9.5,"13,809.85",8.977,5.4,4.1,4.09,-0.098,1.816
China,924,CHN,2012,7.9,"15,186.64",7.367,2.646,2.5,4.09,-0.302,2.522
China,924,CHN,2013,7.8,"16,658.42",7.271,2.624,2.5,4.05,-0.833,1.54
China,924,CHN,2014,7.3,"18,205.30",6.743,1.988,1.5,4.09,-0.909,2.243
China,924,CHN,2015,6.9,"19,664.07",6.371,1.441,1.6,4.05,-2.815,2.737
China,924,CHN,2016,6.849,"21,228.38",6.224,2.003,2.1,4.02,-3.702,1.801
China,924,CHN,2017,6.947,"23,130.72",6.38,1.558,1.8,3.9,-3.835,1.591
China,924,CHN,2018,6.75,"25,293.58",6.344,2.105,1.9,3.8,-4.655,0.355
China,924,CHN,2019,6.11,"27,306.98",5.756,2.903,4.5,3.62,-6.37,0.969
China,924,CHN,2020,1.181,"27,804.95",0.872,3.046,0.953,4.3,-11.228,0.545
China,924,CHN,2021,9.206,"30,956.73",8.914,2.551,2.983,3.8,-9.569,1.047
Democratic Republic of the Congo,243,DOM,1980,7.969,13.465,4.454,21.664,-5.864,n/a,n/a,-8.302
Democratic Republic of the Congo,243,DOM,1981,4.279,15.37,1.946,7.523,7.365,n/a,n/a,-4.015
Democratic Republic of the Congo,243,DOM,1982,1.7,16.597,-0.618,7.643,7.181,n/a,n/a,-4.842
Democratic Republic of the Congo,243,DOM,1983,4.628,18.045,2.205,5.629,5.995,n/a,n/a,-4.417
Democratic Republic of the Congo,243,DOM,1984,1.253,18.93,-1.126,20.152,38.636,n/a,n/a,-1.099
Democratic Republic of the Congo,243,DOM,1985,-2.123,19.115,-4.443,45.336,30.853,n/a,n/a,-1.656
Democratic Republic of the Congo,243,DOM,1986,3.522,20.186,1.039,7.639,4.399,n/a,n/a,-2.324
Democratic Republic of the Congo,243,DOM,1987,10.117,22.778,7.473,13.551,22.672,n/a,n/a,-4.384
Democratic Republic of the Congo,243,DOM,1988,2.156,24.09,-0.223,43.864,55.798,n/a,n/a,-0.249
Democratic Republic of the Congo,243,DOM,1989,4.401,26.136,2.139,40.658,34.594,n/a,n/a,-3.81
Democratic Republic of the Congo,243,DOM,1990,-5.454,25.636,-7.297,50.463,79.919,n/a,n/a,-3.497
Democratic Republic of the Congo,243,DOM,1991,0.945,26.753,-0.785,47.079,7.902,9.237,n/a,-1.591
Democratic Republic of the Congo,243,DOM,1992,11.221,30.433,9.219,4.259,5.165,9.537,n/a,-6.1
Democratic Republic of the Congo,243,DOM,1993,7.365,33.448,5.421,5.25,2.788,9.337,n/a,-4.074
Democratic Republic of the Congo,243,DOM,1994,2.6,35.051,0.841,8.261,14.314,7.387,n/a,-1.932
Democratic Republic of the Congo,243,DOM,1995,5.685,37.821,3.931,12.536,9.216,7.287,n/a,-1.099
Democratic Republic of the Congo,243,DOM,1996,5.978,40.815,4.281,5.399,3.949,7.537,n/a,-1.166
Democratic Republic of the Congo,243,DOM,1997,8.885,45.208,7.178,8.297,8.366,7.187,-1.144,-0.814
Democratic Republic of the Congo,243,DOM,1998,6.714,48.787,5.026,4.832,7.82,7.387,-0.771,-1.561
Democratic Republic of the Congo,243,DOM,1999,5.94,52.431,4.353,6.967,5.101,6.287,-1.299,-1.939
Democratic Republic of the Congo,243,DOM,2000,4.662,56.102,3.142,7.224,9.019,8.05,-1.395,-4.223
Democratic Republic of the Congo,243,DOM,2001,2.46,58.742,1.073,8.884,4.384,9.083,-1.629,-2.894
Democratic Republic of the Congo,243,DOM,2002,4.495,62.354,3.108,5.223,10.512,8.479,-1.809,-2.928
Democratic Republic of the Congo,243,DOM,2003,-1.346,62.657,-2.672,27.45,42.655,8.674,-6.187,4.815
Democratic Republic of the Congo,243,DOM,2004,2.57,65.998,1.267,51.461,28.74,7.879,-3.447,4.628
Democratic Republic of the Congo,243,DOM,2005,9.428,74.47,8.08,4.19,7.437,8.237,-0.403,-1.316
Democratic Republic of the Congo,243,DOM,2006,9.174,83.762,7.931,7.573,5,7.075,-0.942,-3.388
Democratic Republic of the Congo,243,DOM,2007,5.933,91.116,4.748,6.144,8.878,6.452,0.105,-4.916
Democratic Republic of the Congo,243,DOM,2008,5.656,98.141,4.454,10.644,4.517,5.959,-3.25,-9.376
Democratic Republic of the Congo,243,DOM,2009,-1.28,97.624,-2.338,1.442,5.765,6.835,-3.017,-4.766
Democratic Republic of the Congo,243,DOM,2010,8.628,107.283,7.5,6.33,6.238,6.52,-2.729,-7.462
Democratic Republic of the Congo,243,DOM,2011,3.761,113.643,2.661,8.459,7.76,7.613,-3.05,-7.504
Democratic Republic of the Congo,243,DOM,2012,2.869,119.145,1.798,3.695,3.907,8.407,-6.56,-6.536
Democratic Republic of the Congo,243,DOM,2013,3.554,125.545,2.457,4.831,3.876,9.196,-3.472,-4.092
Democratic Republic of the Congo,243,DOM,2014,7.213,137.092,6.141,2.999,1.582,8.538,-2.753,-3.226
Democratic Republic of the Congo,243,DOM,2015,6.509,147.535,5.476,0.837,2.344,7.328,-0.033,-1.797
Democratic Republic of the Congo,243,DOM,2016,6.983,159.471,5.976,1.614,1.695,7.08,-3.103,-1.075
Democratic Republic of the Congo,243,DOM,2017,4.722,170.147,3.753,3.28,4.204,5.509,-3.088,-0.166
Democratic Republic of the Congo,243,DOM,2018,7.015,186.519,6.004,3.564,1.171,5.656,-2.16,-1.354
Democratic Republic of the Congo,243,DOM,2019,5.071,199.395,4.141,1.811,3.656,6.167,-2.195,-1.393
Democratic Republic of the Congo,243,DOM,2020,-0.965,198.725,-1.946,3.549,3,9,-4.408,-5.234
Democratic Republic of the Congo,243,DOM,2021,4,210.703,2.97,3.603,4.04,7,-2.871,-3.686
Nigeria,694,NGA,1980,n/a,n/a,n/a,n/a,n/a,n/a,n/a,n/a
Nigeria,694,NGA,1981,n/a,n/a,n/a,n/a,n/a,n/a,n/a,n/a
Nigeria,694,NGA,1982,n/a,n/a,n/a,n/a,n/a,n/a,n/a,n/a
Nigeria,694,NGA,1983,n/a,n/a,n/a,n/a,n/a,n/a,n/a,n/a
Nigeria,694,NGA,1984,n/a,n/a,n/a,n/a,n/a,n/a,n/a,n/a
Nigeria,694,NGA,1985,n/a,n/a,n/a,n/a,n/a,n/a,n/a,n/a
Nigeria,694,NGA,1986,n/a,n/a,n/a,n/a,n/a,n/a,n/a,n/a
Nigeria,694,NGA,1987,n/a,n/a,n/a,n/a,n/a,n/a,n/a,n/a
Nigeria,694,NGA,1988,n/a,n/a,n/a,n/a,n/a,n/a,n/a,n/a
Nigeria,694,NGA,1989,n/a,n/a,n/a,n/a,n/a,n/a,n/a,n/a
Nigeria,694,NGA,1990,n/a,184.454,n/a,n/a,n/a,n/a,-0.671,8.024
Nigeria,694,NGA,1991,-0.552,189.64,-3.053,n/a,n/a,n/a,-1.663,2
Nigeria,694,NGA,1992,2.193,198.216,-0.351,n/a,n/a,n/a,1.326,4.338
Nigeria,694,NGA,1993,1.569,206.096,-0.942,n/a,n/a,n/a,-8.555,-1.374
Nigeria,694,NGA,1994,0.257,211.037,-2.212,n/a,n/a,n/a,-4.166,-2.656
Nigeria,694,NGA,1995,1.872,219.496,-0.632,n/a,n/a,n/a,3.55,-1.95
Nigeria,694,NGA,1996,4.052,232.572,1.494,29.291,14.314,n/a,4.748,2.031
Nigeria,694,NGA,1997,2.886,243.41,0.357,10.673,10.213,n/a,1.599,0.294
Nigeria,694,NGA,1998,2.496,252.293,-0.026,7.862,11.913,n/a,-4.892,-2.024
Nigeria,694,NGA,1999,0.522,257.272,-1.956,6.618,0.224,n/a,-1.958,0.88
Nigeria,694,NGA,2000,5.518,277.537,2.909,6.938,14.527,n/a,4.065,10.951
Nigeria,694,NGA,2001,6.667,302.533,4.021,18.869,16.495,n/a,-3.222,3.388
Nigeria,694,NGA,2002,14.604,352.201,11.751,12.883,12.169,n/a,1.342,1.152
Nigeria,694,NGA,2003,9.503,392.831,6.759,14.033,23.811,n/a,-2.195,3.294
Nigeria,694,NGA,2004,10.442,445.531,7.652,15.001,10.008,n/a,5.488,12.92
Nigeria,694,NGA,2005,7.008,491.605,4.277,17.856,11.565,n/a,4.908,21.533
Nigeria,694,NGA,2006,6.726,540.549,3.976,8.218,8.5,n/a,8.695,16.391
Nigeria,694,NGA,2007,7.318,595.691,4.53,5.401,6.607,n/a,-1.067,10.544
Nigeria,694,NGA,2008,7.199,650.996,4.396,11.581,15.052,n/a,5.701,8.826
Nigeria,694,NGA,2009,8.353,710.754,5.506,12.536,13.93,n/a,-5.364,4.662
Nigeria,694,NGA,2010,11.259,799.992,8.326,13.742,11.816,5.092,-4.224,3.553
Nigeria,694,NGA,2011,4.887,856.619,2.116,10.825,10.287,5.957,0.378,2.576
Nigeria,694,NGA,2012,4.279,910.41,1.521,12.225,11.979,10.566,0.244,3.769
Nigeria,694,NGA,2013,5.394,976.355,2.611,8.495,7.961,9.955,-2.334,3.699
Nigeria,694,NGA,2014,6.31,"1,057.17",3.514,8.048,7.978,7.841,-2.129,0.159
Nigeria,694,NGA,2015,2.653,"1,096.51",-0.029,9.01,9.554,9,-3.165,-3.135
Nigeria,694,NGA,2016,-1.617,"1,089.95",-4.169,15.696,18.546,13.375,-4.013,0.673
Nigeria,694,NGA,2017,0.806,"1,119.43",-1.789,16.502,15.368,17.462,-5.4,2.768
Nigeria,694,NGA,2018,1.923,"1,168.75",-0.68,12.094,11.442,22.562,-4.306,1.34
Nigeria,694,NGA,2019,2.208,"1,215.39",-0.38,11.397,11.982,n/a,-4.976,-3.797
Nigeria,694,NGA,2020,-3.41,"1,181.40",-5.835,13.393,13.873,n/a,-6.421,-3.324
Nigeria,694,NGA,2021,2.365,"1,232.91",-0.183,12.37,11.296,n/a,-5.842,-2.513
Russia,922,RUS,1980,n/a,n/a,n/a,n/a,n/a,n/a,n/a,n/a
Russia,922,RUS,1981,n/a,n/a,n/a,n/a,n/a,n/a,n/a,n/a
Russia,922,RUS,1982,n/a,n/a,n/a,n/a,n/a,n/a,n/a,n/a
Russia,922,RUS,1983,n/a,n/a,n/a,n/a,n/a,n/a,n/a,n/a
Russia,922,RUS,1984,n/a,n/a,n/a,n/a,n/a,n/a,n/a,n/a
Russia,922,RUS,1985,n/a,n/a,n/a,n/a,n/a,n/a,n/a,n/a
Russia,922,RUS,1986,n/a,n/a,n/a,n/a,n/a,n/a,n/a,n/a
Russia,922,RUS,1987,n/a,n/a,n/a,n/a,n/a,n/a,n/a,n/a
Russia,922,RUS,1988,n/a,n/a,n/a,n/a,n/a,n/a,n/a,n/a
Russia,922,RUS,1989,n/a,n/a,n/a,n/a,n/a,n/a,n/a,n/a
Russia,922,RUS,1990,n/a,n/a,n/a,n/a,n/a,n/a,n/a,n/a
Russia,922,RUS,1991,n/a,n/a,-5,n/a,n/a,n/a,n/a,n/a
Russia,922,RUS,1992,n/a,"1,707.07",-14.673,n/a,n/a,5.2,n/a,-1.308
Russia,922,RUS,1993,-8.7,"1,595.48",-8.577,874.255,840.056,5.9,n/a,1.316
Russia,922,RUS,1994,-12.7,"1,422.60",-12.759,307.547,214.768,8.1,n/a,3.009
Russia,922,RUS,1995,-4.1,"1,392.88",-3.971,197.3,131.326,9.4,n/a,2.211
Russia,922,RUS,1996,-3.608,"1,367.21",-3.608,47.752,21.812,9.258,n/a,2.404
Russia,922,RUS,1997,1.382,"1,410.00",1.725,14.761,11.032,10.808,n/a,-0.192
Russia,922,RUS,1998,-5.345,"1,349.66",-5.153,27.686,84.436,11.875,-7.419,0.024
Russia,922,RUS,1999,6.351,"1,456.10",6.786,85.746,36.558,13.033,-3.584,10.879
Russia,922,RUS,2000,10.046,"1,638.20",10.497,20.799,20.2,10.558,3.105,16.301
Russia,922,RUS,2001,5.091,"1,759.35",5.887,21.477,18.584,8.942,2.989,9.751
Russia,922,RUS,2002,4.744,"1,871.97",4.889,15.789,15.056,8.042,0.672,7.417
Russia,922,RUS,2003,7.349,"2,046.85",7.87,13.663,11.988,8.233,1.349,7.18
Russia,922,RUS,2004,7.176,"2,252.79",7.548,10.889,11.741,7.733,4.572,9.241
Russia,922,RUS,2005,6.376,"2,471.07",6.822,12.685,10.915,7.15,7.592,10.307
Russia,922,RUS,2006,8.154,"2,753.43",8.457,9.669,8.996,7.05,7.798,8.698
Russia,922,RUS,2007,8.535,"3,068.73",8.535,9.007,11.869,6.025,5.582,5.182
Russia,922,RUS,2008,5.248,"3,292.58",5.321,14.111,13.282,6.233,4.547,5.836
Russia,922,RUS,2009,-7.821,"3,058.21",-7.885,11.647,8.797,8.242,-5.885,3.855
Russia,922,RUS,2010,4.503,"3,233.18",4.43,6.849,8.777,7.358,-3.192,4.125
Russia,922,RUS,2011,5.066,"3,467.94",4.993,8.44,6.101,6.508,1.431,4.752
Russia,922,RUS,2012,3.7,"3,665.23",3.483,5.075,6.576,5.45,0.383,3.257
Russia,922,RUS,2013,1.8,"3,796.67",1.517,6.754,6.45,5.5,-1.162,1.459
Russia,922,RUS,2014,0.7,"3,894.00",-1.09,7.823,11.362,5.158,-1.07,2.795
Russia,922,RUS,2015,-1.955,"3,857.64",-2.089,15.534,12.908,5.575,-3.386,4.996
Russia,922,RUS,2016,0.286,"3,908.74",0.081,7.042,5.375,5.525,-3.67,1.92
Russia,922,RUS,2017,1.794,"4,053.81",1.725,3.683,2.523,5.2,-1.469,2.059
Russia,922,RUS,2018,2.535,"4,257.84",2.605,2.878,4.269,4.8,2.91,6.832
Russia,922,RUS,2019,1.336,"4,389.96",1.385,4.47,3.046,4.6,1.934,3.822
Russia,922,RUS,2020,-5.466,"4,176.35",-5.395,3.088,3.793,4.931,-4.841,0.702
Russia,922,RUS,2021,3.496,"4,406.63",3.604,2.988,2.887,4.81,-3.009,0.583
Switzerland,146,CHE,1980,5.11,108.42,5.679,4.022,4.426,0.209,n/a,-0.537
Switzerland,146,CHE,1981,1.602,120.579,1.105,6.486,6.571,0.19,n/a,2.434
Switzerland,146,CHE,1982,-1.302,126.363,-1.89,5.671,5.424,0.428,n/a,3.45
Switzerland,146,CHE,1983,0.603,132.103,0.022,2.95,2.095,0.85,-0.539,0.8
Switzerland,146,CHE,1984,3.099,141.111,2.81,2.937,2.882,1.138,-0.189,5.842
Switzerland,146,CHE,1985,3.65,150.888,3.2,3.427,3.188,0.982,0.066,5.709
Switzerland,146,CHE,1986,1.858,156.785,1.402,0.743,0.018,0.832,1.165,3.18
Switzerland,146,CHE,1987,1.582,163.205,0.991,1.435,1.865,0.798,1.168,3.505
Switzerland,146,CHE,1988,3.311,174.554,2.619,1.872,1.97,0.72,0.985,4.409
Switzerland,146,CHE,1989,4.392,189.366,3.557,3.154,5.041,0.564,0.835,4.14
Switzerland,146,CHE,1990,3.566,203.458,2.728,5.404,5.323,0.501,0.001,3.138
Switzerland,146,CHE,1991,-0.816,208.624,-2.034,5.859,5.256,1.083,-1.853,4.387
Switzerland,146,CHE,1992,-0.168,213.021,-1.422,4.037,3.454,2.549,-2.988,5.125
Switzerland,146,CHE,1993,-0.124,217.797,-1.064,3.293,2.485,4.504,-3.155,6.898
Switzerland,146,CHE,1994,1.324,225.393,0.437,0.851,0.416,4.723,-2.611,6.052
Switzerland,146,CHE,1995,0.533,231.346,-0.183,1.797,1.915,4.233,-1.871,5.274
Switzerland,146,CHE,1996,0.534,236.839,-0.079,0.81,0.752,4.656,-2.05,5.803
Switzerland,146,CHE,1997,2.328,246.532,2.054,0.519,0.348,5.199,-2.365,9.187
Switzerland,146,CHE,1998,2.932,256.617,2.714,0.019,-0.194,3.856,-1.323,8.463
Switzerland,146,CHE,1999,1.655,264.63,1.255,0.808,1.643,2.723,-1.607,9.63
Switzerland,146,CHE,2000,4.071,281.558,3.49,1.561,1.489,1.824,0.424,11.949
Switzerland,146,CHE,2001,1.288,291.439,0.809,0.991,0.332,1.703,0.28,8.099
Switzerland,146,CHE,2002,0.181,296.585,-0.62,0.641,0.88,2.546,-1.784,8.33
Switzerland,146,CHE,2003,0.076,302.323,-0.717,0.636,0.56,3.691,-1.386,12.596
Switzerland,146,CHE,2004,2.623,318.606,1.927,0.801,1.289,3.879,-1.425,14.657
Switzerland,146,CHE,2005,3.16,338.912,2.451,1.173,0.975,3.763,-0.673,13.417
Switzerland,146,CHE,2006,4.076,363.4,3.462,1.064,0.629,3.332,0.855,14.275
Switzerland,146,CHE,2007,4.106,388.485,3.413,0.735,2.022,2.766,1.604,10.042
Switzerland,146,CHE,2008,2.111,404.403,0.982,2.428,0.719,2.577,1.931,2.297
Switzerland,146,CHE,2009,-2.229,398.406,-3.612,-0.48,0.296,3.701,0.503,7.304
Switzerland,146,CHE,2010,2.875,414.635,1.765,0.688,0.535,3.516,0.356,14.657
Switzerland,146,CHE,2011,1.833,431.055,0.746,0.228,-0.585,2.843,0.735,7.821
Switzerland,146,CHE,2012,1.006,443.744,-0.073,-0.693,-0.435,2.905,0.382,10.682
Switzerland,146,CHE,2013,1.879,460.014,0.815,-0.216,0.081,3.158,-0.429,11.6
Switzerland,146,CHE,2014,2.482,480.158,1.211,-0.012,-0.306,3.044,-0.214,8.619
Switzerland,146,CHE,2015,1.266,491.299,0.061,-1.142,-1.27,3.178,0.645,11.26
Switzerland,146,CHE,2016,1.711,504.879,0.624,-0.434,0.034,3.323,0.328,9.85
Switzerland,146,CHE,2017,1.864,523.977,0.739,0.535,0.882,3.088,1.225,6.414
Switzerland,146,CHE,2018,2.744,551.473,1.969,0.935,0.72,2.547,1.391,8.212
Switzerland,146,CHE,2019,0.917,566.231,0.196,0.361,0.173,2.306,0.888,12.246
Switzerland,146,CHE,2020,-5.966,535.832,-7.07,-0.387,-0.007,2.725,-5.06,7.216
Switzerland,146,CHE,2021,3.777,566.911,2.546,0.597,0.4,2.6,-1.897,8.825
United Kingdom,112,GBR,1980,-2.031,501.788,-2.188,16.849,15.157,7.133,-2.84,0.537
United Kingdom,112,GBR,1981,-0.788,544.935,-0.837,12.189,12.017,9.65,-3.777,1.527
United Kingdom,112,GBR,1982,1.995,590.148,2.116,8.511,5.364,10.725,-2.275,0.555
United Kingdom,112,GBR,1983,4.222,639.151,4.176,5.198,5.333,11.475,-2.875,0.215
United Kingdom,112,GBR,1984,2.269,677.241,2.1,4.448,4.603,11.75,-3.164,-0.496
United Kingdom,112,GBR,1985,4.147,727.637,3.88,5.16,5.611,11.375,-2.479,-0.288
United Kingdom,112,GBR,1986,3.15,765.67,2.914,3.626,3.75,11.325,-2.277,-0.962
United Kingdom,112,GBR,1987,5.393,826.92,5.17,4.066,3.715,10.425,-1.605,-1.575
United Kingdom,112,GBR,1988,5.732,905.155,5.524,4.612,7.688,8.575,0.327,-3.528
United Kingdom,112,GBR,1989,2.578,964.891,2.288,5.216,5.496,7.225,0.589,-4.061
United Kingdom,112,GBR,1990,0.734,"1,008.35",0.45,6.999,7.847,7.1,-1.392,-3.08
United Kingdom,112,GBR,1991,-1.103,"1,030.95",-1.449,7.519,7.014,8.85,-2.652,-1.327
United Kingdom,112,GBR,1992,0.401,"1,058.68",0.147,4.232,2.681,9.95,-5.462,-1.53
United Kingdom,112,GBR,1993,2.49,"1,110.74",2.261,2.533,2.435,10.375,-6.676,-1.323
United Kingdom,112,GBR,1994,3.846,"1,178.09",3.58,1.994,1.791,9.5,-5.747,-0.484
United Kingdom,112,GBR,1995,2.531,"1,233.24",2.243,2.63,2.822,8.625,-4.975,-0.676
United Kingdom,112,GBR,1996,2.492,"1,287.11",2.247,2.425,2.404,8.1,-3.547,-0.577
United Kingdom,112,GBR,1997,3.855,"1,359.78",3.588,1.825,1.781,6.95,-1.996,-0.047
United Kingdom,112,GBR,1998,3.645,"1,425.20",3.359,1.557,1.385,6.25,-0.328,-0.499
United Kingdom,112,GBR,1999,3.428,"1,495.35",3.06,1.329,1.123,5.975,0.627,-2.468
United Kingdom,112,GBR,2000,3.437,"1,581.32",3.083,0.796,0.955,5.45,1.36,-2.263
United Kingdom,112,GBR,2001,2.974,"1,664.07",2.579,1.234,1.021,5.1,0.214,-2.066
United Kingdom,112,GBR,2002,2.324,"1,729.69",1.888,1.259,1.524,5.2,-1.873,-2.054
United Kingdom,112,GBR,2003,3.286,"1,819.71",2.817,1.362,1.315,5,-3.132,-1.765
United Kingdom,112,GBR,2004,2.374,"1,913.06",1.839,1.344,1.436,4.75,-3.071,-2.324
United Kingdom,112,GBR,2005,3.18,"2,035.37",2.389,2.057,2.127,4.825,-3.148,-1.949
United Kingdom,112,GBR,2006,2.788,"2,155.44",2.089,2.329,2.715,5.425,-2.77,-2.787
United Kingdom,112,GBR,2007,2.431,"2,267.14",1.609,2.323,2.119,5.35,-2.658,-3.319
United Kingdom,112,GBR,2008,-0.281,"2,304.74",-1.096,3.602,3.88,5.725,-5.146,-3.931
United Kingdom,112,GBR,2009,-4.248,"2,223.66",-4.92,2.165,2.121,7.625,-10.082,-3.333
United Kingdom,112,GBR,2010,1.95,"2,293.43",1.139,3.298,3.38,7.9,-9.28,-3.171
United Kingdom,112,GBR,2011,1.54,"2,377.40",0.698,4.464,4.631,8.1,-7.508,-1.762
United Kingdom,112,GBR,2012,1.479,"2,458.84",0.81,2.828,2.634,7.975,-7.64,-3.431
United Kingdom,112,GBR,2013,2.14,"2,555.51",1.501,2.565,2.066,7.575,-5.526,-4.76
United Kingdom,112,GBR,2014,2.608,"2,670.67",1.828,1.461,0.911,6.2,-5.557,-4.722
United Kingdom,112,GBR,2015,2.355,"2,762.03",1.549,0.04,0.056,5.375,-4.591,-4.906
United Kingdom,112,GBR,2016,1.918,"2,844.17",1.083,0.66,1.209,4.875,-3.348,-5.211
United Kingdom,112,GBR,2017,1.892,"2,952.56",1.287,2.683,3.027,4.425,-2.455,-3.49
United Kingdom,112,GBR,2018,1.341,"3,065.04",0.737,2.478,2.275,4.075,-2.217,-3.865
United Kingdom,112,GBR,2019,1.409,"3,162.41",0.754,1.791,1.415,3.825,-2.08,-3.782
United Kingdom,112,GBR,2020,-6.502,"2,975.56",-7.041,1.186,1.018,4.825,-8.31,-4.38
United Kingdom,112,GBR,2021,4.035,"3,155.97",3.484,1.545,1.945,4.375,-5.473,-4.48
United States,111,USA,1980,-0.257,"2,857.33",-1.405,13.502,11.887,7.175,n/a,0.081
United States,111,USA,1981,2.538,"3,207.03",1.515,10.378,8.569,7.617,n/a,0.157
United States,111,USA,1982,-1.802,"3,343.80",-2.738,6.158,4.017,9.708,n/a,-0.165
United States,111,USA,1983,4.584,"3,634.03",3.638,3.16,3.93,9.6,n/a,-1.065
United States,111,USA,1984,7.237,"4,037.65",6.302,4.368,3.896,7.508,n/a,-2.337
United States,111,USA,1985,4.169,"4,339.00",3.248,3.528,3.309,7.192,n/a,-2.723
United States,111,USA,1986,3.463,"4,579.63",2.526,1.944,1.693,7,n/a,-3.214
United States,111,USA,1987,3.46,"4,855.25",2.54,3.578,4.184,6.175,n/a,-3.309
United States,111,USA,1988,4.177,"5,236.43",3.234,4.1,4.491,5.492,n/a,-2.314
United States,111,USA,1989,3.673,"5,641.60",2.701,4.791,4.932,5.258,n/a,-1.763
United States,111,USA,1990,1.886,"5,963.13",0.761,5.419,5.763,5.617,n/a,-1.324
United States,111,USA,1991,-0.108,"6,158.13",-1.427,4.216,2.929,6.85,n/a,0.047
United States,111,USA,1992,3.522,"6,520.33",2.157,3.042,3.148,7.492,n/a,-0.792
United States,111,USA,1993,2.753,"6,858.55",1.422,2.97,2.654,6.908,n/a,-1.237
United States,111,USA,1994,4.029,"7,287.25",2.774,2.596,2.722,6.1,n/a,-1.669
United States,111,USA,1995,2.684,"7,639.75",1.477,2.805,2.705,5.592,n/a,-1.487
United States,111,USA,1996,3.772,"8,073.13",2.57,2.937,3.088,5.408,n/a,-1.546
United States,111,USA,1997,4.447,"8,577.55",3.206,2.338,1.686,4.942,n/a,-1.641
United States,111,USA,1998,4.481,"9,062.83",3.27,1.547,1.607,4.5,n/a,-2.373
United States,111,USA,1999,4.753,"9,630.70",3.563,2.193,2.939,4.217,n/a,-2.994
United States,111,USA,2000,4.127,"10,252.35",2.983,3.367,3.427,3.967,n/a,-3.935
United States,111,USA,2001,0.999,"10,581.83",-0.035,2.817,1.552,4.742,-0.537,-3.683
United States,111,USA,2002,1.742,"10,936.45",0.751,1.596,2.616,5.783,-3.812,-4.122
United States,111,USA,2003,2.861,"11,458.25",1.901,2.298,1.909,5.992,-4.764,-4.527
United States,111,USA,2004,3.799,"12,213.73",2.859,2.668,3.209,5.542,-4.238,-5.171
United States,111,USA,2005,3.513,"13,036.63",2.56,3.366,3.683,5.083,-3.069,-5.716
United States,111,USA,2006,2.855,"13,814.60",1.886,3.222,2.199,4.608,-2.029,-5.834
United States,111,USA,2007,1.876,"14,451.88",0.873,2.871,4.084,4.617,-2.91,-4.92
United States,111,USA,2008,-0.137,"14,712.83",-1.059,3.815,0.701,5.8,-6.63,-4.631
United States,111,USA,2009,-2.537,"14,448.93",-3.379,-0.32,1.919,9.283,-13.197,-2.578
United States,111,USA,2010,2.564,"14,992.05",1.783,1.637,1.689,9.608,-11.024,-2.877
United States,111,USA,2011,1.551,"15,542.60",0.839,3.14,3.086,8.933,-9.703,-2.867
United States,111,USA,2012,2.249,"16,197.05",1.533,2.073,1.822,8.075,-8.028,-2.635
United States,111,USA,2013,1.842,"16,784.83",1.151,1.466,1.319,7.358,-4.564,-2.078
United States,111,USA,2014,2.526,"17,527.28",1.796,1.615,0.524,6.158,-4.034,-2.084
United States,111,USA,2015,2.908,"18,224.78",2.174,0.121,0.714,5.275,-3.566,-2.237
United States,111,USA,2016,1.638,"18,715.05",0.923,1.261,2.171,4.875,-4.269,-2.289
United States,111,USA,2017,2.37,"19,519.40",1.725,2.138,2.171,4.342,-4.471,-2.252
United States,111,USA,2018,2.927,"20,580.25",2.379,2.44,1.911,3.892,-5.682,-2.386
United States,111,USA,2019,2.334,"21,427.68",1.842,1.812,1.902,3.667,-5.782,-2.326
United States,111,USA,2020,-5.907,"20,289.99",-6.435,0.62,0.784,10.36,-15.448,-2.634
United States,111,USA,2021,4.739,"21,665.90",4.135,2.238,2.417,9.135,-8.643,-2.758
Venezuela,299,VEN,1980,-4.947,117.546,-7.921,21.355,n/a,n/a,n/a,7.411
Venezuela,299,VEN,1981,-1.288,127.009,-4.222,16.244,n/a,n/a,n/a,5.661
Venezuela,299,VEN,1982,2.645,138.424,-0.317,9.607,n/a,n/a,n/a,-4.848
Venezuela,299,VEN,1983,-9.856,129.668,-12.331,6.242,n/a,n/a,n/a,6.028
Venezuela,299,VEN,1984,5.223,141.364,2.35,12.25,n/a,n/a,n/a,8.725
Venezuela,299,VEN,1985,0.867,147.1,-1.87,11.382,9.122,n/a,n/a,6.209
Venezuela,299,VEN,1986,6.08,159.185,4.809,11.544,12.711,n/a,n/a,-3.264
Venezuela,299,VEN,1987,4.801,170.954,2.235,28.137,40.275,n/a,n/a,-2.967
Venezuela,299,VEN,1988,6.51,188.505,3.908,29.468,35.51,n/a,-9.245,-9.174
Venezuela,299,VEN,1989,-13.92,168.628,-15.972,84.463,81.006,n/a,-0.907,5.46
Venezuela,299,VEN,1990,6.468,186.253,3.028,40.656,36.478,n/a,3.838,17.466
Venezuela,299,VEN,1991,9.73,211.288,7.147,34.205,31.018,n/a,-2.276,3.604
Venezuela,299,VEN,1992,6.06,229.2,3.622,31.423,31.857,n/a,-6.368,-6.214
Venezuela,299,VEN,1993,0.275,235.276,-1.979,38.122,45.941,n/a,-2.921,-3.329
Venezuela,299,VEN,1994,-2.349,234.654,-4.496,60.817,70.836,n/a,-11.187,4.495
Venezuela,299,VEN,1995,3.952,249.042,1.716,59.923,56.615,n/a,-5.864,2.759
Venezuela,299,VEN,1996,-0.198,253.1,-2.299,99.876,103.243,n/a,7.94,12.744
Venezuela,299,VEN,1997,6.371,273.868,4.223,50.04,37.609,n/a,2.577,4.356
Venezuela,299,VEN,1998,0.294,277.765,-1.672,35.782,29.906,n/a,-4.489,-4.826
Venezuela,299,VEN,1999,-5.97,264.952,-7.814,23.57,20.028,14.525,0.743,2.166
Venezuela,299,VEN,2000,3.687,280.862,0.28,16.206,13.431,14.008,4.45,10.079
Venezuela,299,VEN,2001,3.394,296.764,1.69,12.531,12.282,13.358,-4.593,1.611
Venezuela,299,VEN,2002,-8.856,274.763,-10.335,22.434,31.215,15.996,-1.482,7.977
Venezuela,299,VEN,2003,-7.755,258.16,-9.231,31.091,27.084,18.188,0.171,14.096
Venezuela,299,VEN,2004,18.287,313.59,16.42,21.747,19.185,15.067,2.47,13.825
Venezuela,299,VEN,2005,10.318,356.721,8.599,15.955,14.358,12.242,4.095,17.749
Venezuela,299,VEN,2006,9.872,403.799,8.182,13.663,16.966,9.958,-1.605,14.823
Venezuela,299,VEN,2007,8.754,450.943,7.101,18.699,22.457,8.492,-2.815,5.782
Venezuela,299,VEN,2008,5.278,483.977,3.696,31.441,30.9,7.354,-3.461,10.202
Venezuela,299,VEN,2009,-3.202,472.05,-4.639,26.041,25.057,7.879,-8.686,0.16
Venezuela,299,VEN,2010,-1.489,470.441,-2.934,28.187,27.184,8.508,-4.739,1.755
Venezuela,299,VEN,2011,4.176,500.326,2.666,26.09,27.57,8.204,-8.244,4.636
Venezuela,299,VEN,2012,5.626,538.611,4.11,21.069,20.068,7.823,-10.447,0.734
Venezuela,299,VEN,2013,1.343,555.422,-0.089,40.639,56.193,7.47,-11.265,1.778
Venezuela,299,VEN,2014,-3.894,543.671,-5.231,62.169,68.54,6.7,-15.553,2.413
Venezuela,299,VEN,2015,-6.221,515.155,-7.488,121.738,180.87,7.4,-10.652,-4.96
Venezuela,299,VEN,2016,-17.04,431.796,-17.293,254.949,274.354,20.863,-10.834,-1.386
Venezuela,299,VEN,2017,-15.671,370.985,-14.92,438.117,862.629,27.886,-16.641,6.053
Venezuela,299,VEN,2018,-19.621,305.457,-15.232,"65,374.08","130,060.24",35.543,-31.304,8.753
Venezuela,299,VEN,2019,-35,202.009,-32.135,"19,906.02","9,585.49",n/a,-10.007,9.825
Venezuela,299,VEN,2020,-15,n/a,n/a,"15,000.00","15,000.00",n/a,n/a,2.41
Venezuela,299,VEN,2021,-5,n/a,n/a,"15,000.00","15,000.00",n/a,n/a,3.41
